{
	"parent": "item/generated",
	"textures": {
		"layer0": "item/stick"
	},
	
	"overrides": [
		{"predicate": {"custom_model_data":100}, "model": "lastlife:item/custom/particles"},
		{"predicate": {"custom_model_data":101}, "model": "lastlife:item/custom/icon"},
		{"predicate": {"custom_model_data":102}, "model": "lastlife:item/custom/chat"},
		{"predicate": {"custom_model_data":103}, "model": "lastlife:item/custom/arrow_left"},
		{"predicate": {"custom_model_data":104}, "model": "lastlife:item/custom/arrow_right"},
		{"predicate": {"custom_model_data":105}, "model": "lastlife:item/custom/arrow_up"},
		{"predicate": {"custom_model_data":106}, "model": "lastlife:item/custom/arrow_down"},
		{"predicate": {"custom_model_data":107}, "model": "lastlife:item/custom/gift"}
	]
}